{"is_source_file": true, "format": "Python", "description": "This is a Python source file that acts as the entry point for a backend service. It re-exports the FastAPI application instance from another module to facilitate correct server loading and route handling.", "external_files": ["src/api/main.py"], "external_methods": ["src.api.main.app"], "published": ["app"], "classes": [], "methods": [], "calls": ["src.api.main(app)"], "search-terms": ["main.py", "FastAPI", "ASGI app", "entrypoint", "re-export"], "state": 2, "file_id": 6, "knowledge_revision": 15, "git_revision": "", "ctags": [], "hash": "259f54ad3a71b9c703d9c1eeb8a73388", "format-version": 4, "code-base-name": "recipe_backend", "filename": "recipe_backend/main.py", "revision_history": [{"15": ""}]}