{"is_source_file": true, "format": "Python", "description": "This file serves as the entry point for the backend service, responsible for re-exporting the FastAPI app to ensure proper loading and routing when deployed.", "external_files": ["src/api/main.py"], "external_methods": ["src.api.main.app"], "published": ["app"], "classes": [], "methods": [], "calls": ["src.api.main.app"], "search-terms": ["main.py", "FastAPI", "ASGI", "uvicorn", "entrypoint", "re-export", "API"], "state": 2, "file_id": 5, "knowledge_revision": 13, "git_revision": "", "ctags": [], "hash": "bb1d4d68ce8ac8ba4e90655da4bb73b3", "format-version": 4, "code-base-name": "recipe_backend", "filename": "recipe_backend/src/main.py", "revision_history": [{"13": ""}]}