{"is_source_file": true, "format": "Python", "description": "This file generates and saves the OpenAPI schema for the API application as 'openapi.json'. It imports the main application object and invokes its 'openapi()' method to retrieve the schema, then writes it to a designated file in the 'interfaces' directory.", "external_files": ["src/api/main.py"], "external_methods": ["app.openapi"], "published": [], "classes": [], "methods": [], "calls": ["app.openapi", "os.makedirs", "os.path.join", "json.dump"], "search-terms": ["generate_openapi", "openapi_schema", "OpenAPI schema generation", "API schema export"], "state": 2, "file_id": 3, "knowledge_revision": 9, "git_revision": "4499bf6c2ccc8c2c33dd8f0ce93b966167079fed", "ctags": [{"_type": "tag", "name": "openapi_schema", "path": "/home/kavia/workspace/code-generation/colorful-recipe-manager-203706-203716/recipe_backend/src/api/generate_openapi.py", "pattern": "/^openapi_schema = app.openapi()$/", "language": "Python", "kind": "variable"}, {"_type": "tag", "name": "output_dir", "path": "/home/kavia/workspace/code-generation/colorful-recipe-manager-203706-203716/recipe_backend/src/api/generate_openapi.py", "pattern": "/^output_dir = \"interfaces\"$/", "language": "Python", "kind": "variable"}, {"_type": "tag", "name": "output_path", "path": "/home/kavia/workspace/code-generation/colorful-recipe-manager-203706-203716/recipe_backend/src/api/generate_openapi.py", "pattern": "/^output_path = os.path.join(output_dir, \"openapi.json\")$/", "language": "Python", "kind": "variable"}], "hash": "61e3715e79bc397fab3e70f503a41417", "format-version": 4, "code-base-name": "recipe_backend", "filename": "recipe_backend/src/api/generate_openapi.py", "fields": [{"name": "openapi_schema = app.openapi()", "scope": "", "scopeKind": "", "description": "unavailable"}, {"name": "output_dir = \"interfaces\"", "scope": "", "scopeKind": "", "description": "unavailable"}, {"name": "output_path = os.path.join(output_dir, \"openapi.json\")", "scope": "", "scopeKind": "", "description": "unavailable"}], "revision_history": [{"9": "4499bf6c2ccc8c2c33dd8f0ce93b966167079fed"}]}